{
  "id": "addon-core-rules",
  "title": "Addon Core Rules",
  "version": "1.0.1",
  "compatibility": {
    "minimum": "12",
    "verified": "13",
    "maximum": "13"
  },
  "packs": [
    {
      "name": "equipment",
      "label": "Equipment",
      "path": "packs/equipment",
      "type": "Item",
      "system": "dnd5e",
      "ownership": {
        "PLAYER": "NONE",
        "ASSISTANT": "OWNER"
      }
    },
    {
      "name": "spells",
      "label": "Spells",
      "path": "packs/spells",
      "type": "Item",
      "system": "dnd5e",
      "ownership": {
        "PLAYER": "OBSERVER",
        "ASSISTANT": "OWNER"
      }
    },
    {
      "name": "creature-feats",
      "label": "Creature Feats",
      "path": "packs/creature-feats",
      "type": "Item",
      "system": "dnd5e",
      "ownership": {
        "PLAYER": "NONE",
        "ASSISTANT": "OWNER"
      }
    },
    {
      "name": "custom-classes",
      "label": "Custom Classes",
      "path": "packs/custom-classes",
      "type": "Item",
      "system": "dnd5e",
      "ownership": {
        "PLAYER": "OBSERVER",
        "ASSISTANT": "OWNER"
      }
    },
    {
      "name": "custom-races",
      "label": "Custom Races",
      "path": "packs/custom-races",
      "type": "Item",
      "system": "dnd5e",
      "ownership": {
        "PLAYER": "OBSERVER",
        "ASSISTANT": "OWNER"
      }
    },
    {
      "name": "roll-tables",
      "label": "Roll Tables",
      "path": "packs/roll-tables",
      "type": "RollTable",
      "system": "dnd5e",
      "ownership": {
        "PLAYER": "NONE",
        "ASSISTANT": "OWNER"
      }
    },
    {
      "name": "merchants",
      "label": "Merchants",
      "path": "packs/merchants",
      "type": "Actor",
      "system": "dnd5e",
      "ownership": {
        "PLAYER": "NONE",
        "ASSISTANT": "OWNER"
      }
    }
  ],
  "authors": [
    {
      "name": "Patrick Wolthausen",
      "email": "patrick@wolthausen.ca",
      "discord": "Aahz1982",
      "flags": {}
    }
  ],
  "relationships": {
    "requires": [
      {
        "id": "itempilesdnd5e",
        "type": "module",
        "compatibility": {}
      },
      {
        "id": "item-piles",
        "type": "module",
        "compatibility": {}
      }
    ]
  },
  "description": "",
  "flags": {}
}
